<Config>


<append xpath="/buffs">

		<buff name="VbuffTeleportBedroll" icon="ui_game_symbol_agility" icon_color="132,0,155" hidden="true">
			<stack_type value="replace"/>
			<duration value="5"/>
			<update_rate value="1"/>
			<effect_group>
				<triggered_effect trigger="onSelfBuffStart" action="CallGameEvent" event="action_teleport_bedroll_V" allow_client_call="true"/>
			</effect_group>
		</buff>
		
		<buff name="VbuffTeleportLandclaim" icon="ui_game_symbol_agility" icon_color="132,0,155" hidden="true">
			<stack_type value="replace"/>
			<duration value="5"/>
			<update_rate value="1"/>
			<effect_group>
				<triggered_effect trigger="onSelfBuffStart" action="CallGameEvent" event="action_teleport_landclaim_V" allow_client_call="true"/>
			</effect_group>
		</buff>

</append>
</Config>