<Config>

	<append xpath="/gameevents">
	
	<!-- Bedroll teleport -->
<action_sequence name="action_teleport_bedroll_V">
		<property name="category" value="admin" />
		<property name="single_instance" value="true" />
		
		<action class="SetScreenEffect">
			<property name="phase" value="0" />
			<property name="screen_effect" value="FadeToBlack" />
			<property name="intensity" value="1" />
			<property name="fade_time" value="0.05" />
		</action>

		<action class="Delay">
			<property name="time" value="1" />
			<property name="phase" value="2" />
		</action>

		<action class="TeleportToSpecial">
			<property name="special_type" value="Bedroll" param1="special_type" />
		</action>
		
		<action class="BeltTooltip">
			<property name="text" value="[00ff00]Teleported" />
			<property name="phase" value="3" />
		</action>

		<action class="SetScreenEffect">
			<property name="phase" value="3" />
			<property name="screen_effect" value="FadeToBlack" />
			<property name="intensity" value="0" />
			<property name="fade_time" value="0.1" />
		</action>

		<action class="PlaySound">
			<property name="sound" value="twitch_pull" />
		</action>

	</action_sequence>
	
	<!-- Landclaim teleport -->
	<action_sequence name="action_teleport_landclaim_V" template="action_teleport_bedroll_V">
		<variable name="special_type" value="Landclaim" />
	</action_sequence>
	

	</append>
	
</Config>