<configs>

	<append xpath="/items">
			
<item name="VitaBookMaster">
	<property name="CreativeMode" value="None"/>
	<property name="CustomIcon" value="schematicMaster"/>
	<property name="Meshfile" value="@:Other/Items/Misc/bookPrefab.prefab"/>
	<property name="DropMeshfile" value="@:Other/Items/Misc/sack_droppedPrefab.prefab"/>
	<property name="Material" value="Mpaper"/>
	<property name="Candrop" value="true"/>
	<property name="Stacknumber" value="75"/>
	<property name="EconomicValue" value="1600"/>
	<property name="SellableToTrader" value="false"/>
	<property name="FuelValue" value="2"/>
	<property name="Weight" value="0"/>
	<property name="Group" value="Basics"/>
</item>

<item name="(*) Bedroll Teleport">
	<property name="DescriptionKey" value="VTQ1"/>
	<property name="Extends" value="VitaBookMaster"/>
	<property name="CustomIcon" value="schematicMaster"/>
	<property name="CustomIconTint" value="00ff00"/> <!-- Green -->
	<property name="TintColor" value="225, 225, 225"/>
	<property name="EconomicValue" value="100"/>
	<property name="Candrop" value="true"/>
	<property name="SellableToTrader" value="false"/>
	<property name="Stacknumber" value="50"/>
	<property class="Action0">
		<requirement name="PlayerLevel" operation="GTE" value="1" />
		<property name="Class" value="Quest"/>
		<property name="Delay" value="0.5"/>
		<property name="Use_time" value="..."/>
		<property name="UseAnimation" value="false"/>
		<property name="QuestGiven" value="challenge_vita_bedroll_Teleport"/>
	</property>
</item>


<item name="(*) Landclaim Block Teleport">
	<property name="DescriptionKey" value="VTQ1"/>
	<property name="Extends" value="VitaBookMaster"/>
	<property name="CustomIcon" value="schematicMaster"/>
	<property name="CustomIconTint" value="ff0000"/> <!-- Red -->
	<property name="TintColor" value="225, 225, 225"/>
	<property name="EconomicValue" value="100"/>
	<property name="Candrop" value="true"/>
	<property name="SellableToTrader" value="false"/>
	<property name="Stacknumber" value="50"/>
	<property class="Action0">
		<requirement name="PlayerLevel" operation="GTE" value="1" />
		<property name="Class" value="Quest"/>
		<property name="Delay" value="0.5"/>
		<property name="Use_time" value="..."/>
		<property name="UseAnimation" value="false"/>
		<property name="QuestGiven" value="challenge_vita_lcb_Teleport"/>
	</property>
</item>

	</append>		
</configs>