<Config>
	<append xpath="/quests">
		<quest id="challenge_vita_bedroll_Teleport">
			<property name="name_key" value="Teleporting"/>
			<property name="subtitle_key" value="Completed"/>
			<property name="description_key" value="VTQ1"/>
			<property name="icon" value="ui_game_symbol_quest"/>
			<property name="repeatable" value="false"/>
			<property name="shareable" value="false"/>
			<property name="category_key" value="challenge"/>
			<property name="difficulty" value="veryeasy"/>
			<property name="offer_key" value="You will be teleported to your first placed bedroll. To change the location, pickup all bedrolls and set them new."/>
			<property name="add_to_tier_complete" value="false" />

			<property name="completiontype" value="AutoComplete"/>

			<objective type="Time" value="0" phase="1"/>
			<action type="GameEvent" id="action_teleport_bedroll_V" phase="1"/>
		</quest>

		<quest id="challenge_vita_lcb_Teleport">
			<property name="name_key" value="Teleporting"/>
			<property name="subtitle_key" value="Completed"/>
			<property name="description_key" value="VTQ1"/>
			<property name="icon" value="ui_game_symbol_quest"/>
			<property name="repeatable" value="false"/>
			<property name="shareable" value="false"/>
			<property name="category_key" value="challenge"/>
			<property name="difficulty" value="veryeasy"/>
			<property name="offer_key" value="You will be teleported to your first placed landclaim block. To change the location, pickup all landclaimblocks and set them new."/>
			<property name="add_to_tier_complete" value="false" />

			<property name="completiontype" value="AutoComplete"/>

			<objective type="Time" value="0" phase="1"/>
			<action type="GameEvent" id="action_teleport_landclaim_V" phase="1"/>
		</quest>
	</append>
</Config>