<xml>
  <set xpath="/entity_classes/entity_class/effect_group[@name='food/water balancing']//passive_effect[@name='WaterLossPerHealthPointGained' and @operation='base_set'][@value='0.06']/@value">0.03</set>
  <set xpath="/entity_classes/entity_class/effect_group[@name='food/water balancing']//passive_effect[@name='WaterChangeOT' and @operation='base_subtract'][@value='.0111']/@value">.00555</set>
  <set xpath="/entity_classes/entity_class/effect_group[@name='food/water balancing']//passive_effect[@name='WaterLossPerStaminaPointGained' and @operation='base_set'][@value='0.00453']/@value">0.002265</set>
  <set xpath="/entity_classes/entity_class/effect_group[@name='food/water balancing']//passive_effect[@name='FoodChangeOT' and @operation='base_subtract'][@value='.00833']/@value">.004165</set>
  <set xpath="/entity_classes/entity_class/effect_group[@name='food/water balancing']//passive_effect[@name='FoodLossPerStaminaPointGained' and @operation='base_set'][@value='0.00408']/@value">0.00204</set>
</xml>