<configs>
	<append xpath="/blocks">
<!-- The real Loot Zombie, stop scam mod-users with fake "auto"-miner! -->
		<block name="(V) Loot Zombie">
		    <property name="DescriptionKey" value="VLootZombieDesc"/>
			<property name="Material" value="Mmetal"/>
			<property name="Shape" value="ModelEntity"/>
			<property name="Model" value="@:Entities/Commercial/mannequinMilitaryCommandoPrefab.prefab"/>
			<property name="Place" value="TowardsPlacerInverted"/>
			<property name="Path" value="solid"/>
			<property name="CustomIcon" value="decoMannequinMilitaryCommando"/>
			<property name="ImposterExchange" value="imposterBlock" param1="2"/>
			<property name="CanMobsSpawnOn" value="false"/>
			<property name="Class" value="PlantGrowing"/> 
			<property name="StabilitySupport" value="false"/>
			<property name="MaxDamage" value="2000"/>
			<property name="PlantGrowing.Next" value="(V) Loot Zombie (Full)"/> 
			<property name="PlantGrowing.GrowthRate" value="60"/>
			<property name="PlantGrowing.FertileLevel" value="0"/>
			<property name="PlantGrowing.IsRandom" value="false"/>
			<property name="PlantGrowing.LightLevelGrow" value="0"/>
			<property name="PlantGrowing.LightLevelStay" value="0"/>
			<property name="PlantGrowing.GrowIfAnythinOnTop" value="false"/>
			<property name="PlantGrowing.IsGrowOnTopEnabled" value="false"/>
			<drop event="Fall" name="Loot ZombieEmpty" count="1" prob="1"/>
			<property class="RepairItems">
				<property name="resourceScrapPolymers" value="10"/>
			</property>
			<drop event="Destroy" name="(V) Loot Zombie" count="1" />
			<property name="SortOrder1" value="70e3"/>
		</block>

		<block name="(V) Loot Zombie (Full)">
			<property name="CreativeMode" value="Dev"/>
			<property name="DisplayType" value="blockMulti" />
			<property name="Material" value="Mmetal"/>
			<property name="Shape" value="ModelEntity"/>
            <property name="Model" value="@:Entities/LootContainers/munitionsBox_01Prefab.prefab"/>
			<property name="CustomIcon" value="decoMannequinMilitaryCommando"/>
			<property name="CustomIconTint" value="141414"/>
			<property name="TintColor" value="00,80,00"/>
			<property name="UMA.Overlay0Tint" value="00,80,00"/>
			<property name="Place" value="TowardsPlacerInverted"/>
			<property name="Path" value="solid"/>
			<property name="Class" value="Loot" />
			<property name="LootList" value="AutoMinerFullV" />
			<property name="ImposterExchange" value="imposterBlock" param1="2"/>
			<property name="StabilitySupport" value="false"/>
			<property name="MaxDamage" value="22222"/>
			<drop event="Destroy" name="(V) Loot Zombie" count="1" />
			<property class="RepairItems">
				<property name="resourceScrapIron" value="10"/>
			</property>
			<drop event="Fall" name="scrapMetalPile" count="1" prob="0.75" stick_chance="1"/>
			<property name="SortOrder1" value="70e3"/>
			<property name="DowngradeBlock" value="(V) Loot Zombie"/>
		</block>
	</append>
</configs>

