<configs>
<append xpath="/lootcontainers">

<!-- ========================
     Lootgroups = Sammlungen von Items
     name="..." : eindeutiger Gruppenname
     count="1"  : wie viele Items aus der Gruppe gezogen werden
   ======================== -->

<!-- Kleine Ressourcen-Gruppe -->
<lootgroup name="groupNewResourceSmall" count="4">
	<item name="resourceRockSmall" count="99"/> <!-- 30 kleine Steine -->
	<item name="resourceWood" count="99"/> <!-- 30 Holz -->
	<item name="resourceScrapIron" count="99"/> <!-- 30 Schrott-Eisen -->
	<item name="resourcePotassiumNitratePowder" count="99"/> <!-- 300 Salpeter -->
	<item name="resourceScrapLead" count="30"/> <!-- 99 Schrott-Blei -->
	<item name="resourceCoal" count="99"/> <!-- 300 Kohle -->
	<item name="resourceOilShale" count="30"/> <!-- 30 Ölschiefer -->
	<item name="resourceClayLump" count="30"/> <!-- 99 Lehm -->
	<item name="resourceScrapBrass" count="55"/> <!-- 99 Schrott-Messing -->
	<item name="resourceAcid" count="2"/> <!-- 2x Abgekochtes Wasser -->
	<item name="resourceBulletCasing" count="2"/>
	<item name="resourceRadiator" count="1"/>
	<item name="foodCanBeef" count="1"/>	
	<item name="foodCropPotato" count="1"/>
	<item name="foodCropCorn" count="1"/>
	<item name="foodCropMushrooms" count="1"/>
	<item name="foodCanPasta" count="1"/>
	<item name="resourceAnimalFat" count="1"/>	
	<item name="resourceLeather" count="1"/>
	<item name="resourceElectricParts" count="1"/>
	<item name="resourceMechanicalParts" count="1"/>	
	<item name="resourceSpring" count="1"/>	
</lootgroup>

<!-- Mittlere Ressourcen-Gruppe -->
<lootgroup name="groupNewResourceMedium" count="4">
	<item name="resourceRockSmall" count="60"/>
	<item name="resourceWood" count="88"/>
	<item name="resourceScrapIron" count="60"/>
	<item name="resourcePotassiumNitratePowder" count="99"/>
	<item name="resourceScrapLead" count="60"/>
	<item name="resourceCoal" count="311"/>
	<item name="resourceOilShale" count="60"/>
	<item name="resourceClayLump" count="60"/>
	<item name="resourceScrapBrass" count="77"/>
    <item name="resourceAcid" count="2"/> 
	<item name="resourceBulletCasing" count="6"/>
	<item name="resourceRadiator" count="33"/>
	<item name="foodCanBeef" count="2"/>	
	<item name="foodCropPotato" count="2"/>
	<item name="foodCropCorn" count="2"/>
	<item name="foodCropMushrooms" count="2"/>
	<item name="foodCanPasta" count="2"/>
	<item name="resourceAnimalFat" count="2"/>
	<item name="resourceLeather" count="2"/>	
	<item name="resourceElectricParts" count="55"/>
	<item name="resourceMechanicalParts" count="55"/>
		<item name="resourceSpring" count="3"/>
	</lootgroup>

<!-- Große Ressourcen-Gruppe -->
<lootgroup name="groupNewResourceLarge" count="3">
	<item name="resourceRockSmall" count="88"/>
	<item name="resourceWood" count="99"/>
	<item name="resourceScrapIron" count="100"/>
	<item name="resourcePotassiumNitratePowder" count="88"/>
	<item name="resourceScrapLead" count="88"/>
	<item name="resourceCoal" count="88"/>
	<item name="resourceOilShale" count="88"/>
	<item name="resourceClayLump" count="88"/>
	<item name="resourceScrapBrass" count="88"/>
	<item name="drinkJarBoiledWater" count="4"/>
	<item name="resourceAcid" count="1"/> 
	<item name="resourceBulletCasing" count="33"/>
	<item name="resourceRadiator" count="11"/>
	<item name="foodCanBeef" count="2"/>	
	<item name="foodCropPotato" count="2"/>
	<item name="foodCropCorn" count="2"/>
	<item name="foodCropMushrooms" count="3"/>
	<item name="foodCanPasta" count="3"/>
	<item name="resourceAnimalFat" count="3"/>
	<item name="resourceLeather" count="3"/>
	<item name="resourceElectricParts" count="2"/>
	<item name="resourceMechanicalParts" count="3"/>
	<item name="resourceSpring" count="3"/>	
</lootgroup>

<!-- Seltene Edelmetall-Gruppe -->
<lootgroup name="groupNewResourceGemsSmall" count="1">
    <item name="resourceSilverNugget" count="2"/> <!-- 1 Silber Nugget -->
	<item name="resourceGoldNugget" count="1"/> <!-- 1 Gold Nugget -->
</lootgroup>

<!-- Bau-Materialien häufig -->
<lootgroup name="groupNewBuildingCommon" count="1">
	<item name="resourceClayLump" count="50,555"/> <!-- Zufällig 50-250 Lehm -->
	<item name="resourceCrushedSand" count="50,250"/> <!-- Zufällig 50-250 Sand -->
	<item name="resourceRockSmall" count="50,250"/> <!-- Zufällig 50-250 Steine -->
	<item name="resourceWood" count="50,250"/> <!-- Zufällig 50-250 Holz -->
</lootgroup>

<!-- Bau-Materialien weniger häufig -->
<lootgroup name="groupNewBuildingUncommon" count="1">
	<item name="resourceCobblestones" count="50,250"/>
	<item name="resourceCement" count="50,250"/>
</lootgroup>

<!-- Bau-Materialien selten -->
<lootgroup name="groupNewBuildingRare" count="1">
	<item name="resourceConcreteMix" count="100,400"/>
	<item name="resourceForgedSteel" count="3,6"/>
</lootgroup>

<!-- Crafting-Mats häufig -->
<lootgroup name="groupNewCraftingCommon" count="1">
	<item name="resourceCloth" count="5,25"/>
	<item name="resourceMetalPipe" count="5,25"/>
	<item name="resourceGlue" count="5,10"/>
	<item name="resourceScrapPolymers" count="5,50"/>
	<item name="resourceNail" count="5,25"/>
</lootgroup>

<!-- Crafting-Mats weniger häufig -->
<lootgroup name="groupNewCraftingUncommon" count="1">
	<item name="resourceGunPowder" count="5,50"/>
	<item name="resourceDuctTape" count="5,10"/>
	<item name="resourceOil" count="5,25"/>
	<item name="resourceSpring" count="5,10"/>
	<item name="resourceHeadlight" count="5,10"/>
	<item name="resourceElectricParts" count="5,10"/>
	<item name="resourceMechanicalParts" count="5,10"/>
	<item name="resourceAcid" count="1,2" loot_prob_template="low"/> <!-- sehr geringe Chance -->
</lootgroup>

<!-- Crafting-Mats selten -->
<lootgroup name="groupNewCraftingRare" count="1">
	<item name="resourceForgedIron" count="7,15"/>
	<item name="resourceForgedSteel" count="5,10"/>
</lootgroup>

<!-- Schrott -->
<lootgroup name="groupNewScrapCommon" count="1">
	<item name="resourceFishingWeight" count="5,15"/>
	<item name="resourceScrapLead" count="5,100"/>
	<item name="resourceScrapIron" count="5,100"/>
</lootgroup>

<!-- Geld klein -->
<lootgroup name="groupNewMoneySmall" count="1">
	<item name="casinoCoin" count="22"/> <!-- 22 Dukes -->
	<item name="oldCash" count="11"/> <!-- 11 Altes Geld -->
</lootgroup>

<!-- Geld mittel -->
<lootgroup name="groupNewMoneyMedium" count="1">
	<item name="casinoCoin" count="44"/>
	<item name="oldCash" count="22"/>
</lootgroup>

<!-- Geld groß -->
<lootgroup name="groupNewMoneyLarge" count="1">
	<item name="casinoCoin" count="66"/>
	<item name="oldCash" count="33"/>
</lootgroup>

<!-- Seltene Drops -->
<lootgroup name="groupNewRareSmall" count="1">
	<item name="resourceTestosteroneExtract" count="1"/>
</lootgroup>

<lootgroup name="groupNewRareMedium" count="1">
	<item name="resourceTestosteroneExtract" count="2"/>
	<item name="smallEngine" count="1"/>
	<item name="carBattery" count="1"/>
</lootgroup>

<lootgroup name="groupNewRareLarge" count="1">
	<item name="toolForgeCrucible" count="1"/> <!-- Schmelztiegel -->
	<item name="toolBeaker" count="1"/> <!-- Becherglas -->
	<item name="resourceLegendaryParts" count="1"/>
</lootgroup>

<!-- ========================
     Lootcontainer = die eigentliche Kiste
     id="2709"                : eindeutige ID
     name="AutoMinerFullV"    : Container-Name
     count="9,14"             : zieht 9-14 Items aus allen Gruppen
     size="6,8"               : Inventargröße (6 breit, 8 hoch)
     sound_open/close         : Sound beim Öffnen/Schließen
     destroy_on_close="true"  : Container verschwindet nach dem Leeren
     loot_quality_template    : Vorlage für Item-Qualität
   ======================== -->

<lootcontainer id="2709" name="AutoMinerFullV" count="9,14" size="6,8" sound_open="open_workbench" sound_close="close_workbench" destroy_on_close="true" loot_quality_template="qualBaseTemplate">

    <!-- Jede Zeile = ein möglicher Gruppen-Drop
         group="..." : Gruppe die gezogen wird
         prob="0.1"  : Wahrscheinlichkeit (0.1 = 10%) -->

    <item group="groupNewResourceSmall" prob=".1"/>
	<item group="groupNewResourceMedium" prob=".05"/>
	<item group="groupNewResourceLarge" prob=".025"/>
	
	<item group="groupNewBuildingCommon" prob=".03"/>
	<item group="groupNewBuildingUncommon" prob=".015"/>
	<item group="groupNewBuildingRare" prob=".0075"/>
	
	<item group="groupNewCraftingCommon" prob=".03"/>
	<item group="groupNewCraftingUncommon" prob=".015"/>
	<item group="groupNewCraftingRare" prob=".0075"/>
	
	<item group="groupNewScrapCommon" prob=".04"/>
	
	<item group="groupNewMoneySmall" prob=".015"/>
	<item group="groupNewMoneyMedium" prob=".0075"/>
	<item group="groupNewMoneyLarge" prob=".00375"/>
	
	<item group="groupNewRareSmall" prob=".005"/>
	<item group="groupNewRareMedium" prob=".001"/>
	<item group="groupNewRareLarge" prob=".0005"/>
</lootcontainer>	

</append>
</configs>
