<configs>
  <append xpath="/recipes">
    <recipe name="(V) Loot Zombie" count="1" craft_time="5" craft_area="workbench" 
            tags="workbenchCrafting,forceFirst" crafting_category="">
			<ingredient name="resourceMechanicalParts" count="100"/>
			<ingredient name="resourceElectricParts" count="100"/>			
			<ingredient name="resourceSpring" count="100"/>
			<ingredient name="resourceOil" count="100"/>
			<ingredient name="resourceForgedSteel" count="100"/>
		</recipe>		
			
	</append>
</configs>