<CMsRemoveSomeHostileAnimals>

	<set xpath="/gamestages/spawner[@name='animalZombieDog']/gamestage/spawn[@group='animalZombieDog']/@group">
		zombieMoe
	</set>

	<set xpath="/gamestages/spawner[@name='animalSnake']/gamestage/spawn[@group='animalSnake']/@group">
		zombieMoe
	</set>

	<set xpath="/gamestages/spawner[@name='animalZombieVulture']/gamestage/spawn[@group='animalZombieVulture']/@group">
		zombieMoe
	</set>

	<set xpath="/gamestages/spawner[@name='animalZombieVultureRadiated']/gamestage/spawn[@group='animalZombieVultureRadiated']/@group">
		zombieMoe
	</set>

	<set xpath="/gamestages/spawner[@name='animalDireWolf']/gamestage/spawn/@group">
		zombieMoe
	</set>

</CMsRemoveSomeHostileAnimals>